"Date","Price","Open","High","Low","Vol.","Change %"
"Apr 08, 2019","3,358","3,374","3,374","3,358","-","-0.47%"
"Apr 05, 2019","3,374","3,372","3,377","3,361","779.92K","0.18%"
"Apr 04, 2019","3,368","3,359","3,374","3,349","868.28K","0.30%"
"Apr 03, 2019","3,358","3,328","3,366","3,326","1.01M","1.11%"
"Apr 02, 2019","3,321","3,316","3,336","3,305","737.93K","0.30%"
"Apr 01, 2019","3,311","3,288","3,320","3,288","840.40K","1.19%"
"Mar 29, 2019","3,272","3,258","3,283","3,250","935.46K","0.96%"
"Mar 28, 2019","3,241","3,245","3,258","3,235","781.34K","-0.03%"
"Mar 27, 2019","3,242","3,237","3,265","3,222","1.14M","0.09%"
"Mar 26, 2019","3,239","3,221","3,245","3,212","892.62K","0.56%"
"Mar 25, 2019","3,221","3,218","3,232","3,201","982.11K","0.00%"
"Mar 22, 2019","3,221","3,300","3,303","3,214","1.54M","-2.07%"
"Mar 21, 2019","3,289","3,293","3,301","3,267","1.17M","-0.18%"
"Mar 20, 2019","3,295","3,314","3,319","3,287","1.04M","-0.99%"
"Mar 19, 2019","3,328","3,307","3,341","3,304","959.31K","0.76%"
"Mar 18, 2019","3,303","3,302","3,312","3,296","764.63K","-2.45%"
"Mar 15, 2019","3,386","3,345","3,387","3,344","154.15K","1.20%"
"Mar 14, 2019","3,346","3,332","3,351","3,320","1.30M","0.66%"
"Mar 13, 2019","3,324","3,296","3,334","3,287","1.77M","0.48%"
"Mar 12, 2019","3,308","3,320","3,324","3,291","2.52M","0.12%"
"Mar 11, 2019","3,304","3,302","3,317","3,283","1.74M","0.49%"
"Mar 08, 2019","3,288","3,295","3,303","3,272","1.71M","-0.54%"
"Mar 07, 2019","3,306","3,315","3,338","3,292","1.84M","-0.57%"
"Mar 06, 2019","3,325","3,321","3,340","3,316","1.10M","-0.03%"
"Mar 05, 2019","3,326","3,309","3,331","3,306","1.05M","0.33%"
"Mar 04, 2019","3,315","3,328","3,333","3,298","992.88K","0.09%"
"Mar 01, 2019","3,312","3,296","3,329","3,296","1.14M","0.42%"
"Feb 28, 2019","3,298","3,284","3,301","3,265","1.04M","0.58%"
"Feb 27, 2019","3,279","3,280","3,287","3,268","729.61K","-0.36%"
"Feb 26, 2019","3,291","3,268","3,293","3,258","996.52K","0.37%"
"Feb 25, 2019","3,279","3,275","3,288","3,266","734.32K","0.28%"
"Feb 22, 2019","3,270","3,257","3,279","3,255","690.41K","0.28%"
"Feb 21, 2019","3,261","3,258","3,273","3,252","894.46K","0.06%"
"Feb 20, 2019","3,259","3,241","3,266","3,233","834.93K","0.71%"
"Feb 19, 2019","3,236","3,241","3,250","3,221","756.32K","-0.19%"
"Feb 18, 2019","3,242","3,245","3,250","3,232","464.54K","0.06%"
"Feb 15, 2019","3,240","3,181","3,246","3,172","1.61M","1.79%"
"Feb 14, 2019","3,183","3,202","3,225","3,178","1.30M","-0.62%"
"Feb 13, 2019","3,203","3,197","3,211","3,188","912.17K","0.34%"
"Feb 12, 2019","3,192","3,161","3,198","3,160","832.00K","0.88%"
"Feb 11, 2019","3,164","3,144","3,170","3,139","807.34K","1.02%"
"Feb 08, 2019","3,132","3,150","3,158","3,120","1.10M","-0.63%"
"Feb 07, 2019","3,152","3,201","3,205","3,142","1.49M","-1.68%"
"Feb 06, 2019","3,206","3,208","3,213","3,195","861.16K","-0.06%"
"Feb 05, 2019","3,208","3,171","3,213","3,159","1.08M","1.71%"
"Feb 04, 2019","3,154","3,168","3,172","3,140","786.83K","-0.44%"
"Feb 01, 2019","3,168","3,163","3,172","3,140","925.17K","0.51%"
"Jan 31, 2019","3,152","3,167","3,175","3,124","1.47M","0.13%"
"Jan 30, 2019","3,148","3,150","3,168","3,138","782.59K","0.13%"
"Jan 29, 2019","3,144","3,134","3,158","3,122","769.07K","0.54%"
"Jan 28, 2019","3,127","3,146","3,148","3,118","829.67K","-0.89%"
"Jan 25, 2019","3,155","3,121","3,160","3,121","1.12M","1.19%"
"Jan 24, 2019","3,118","3,100","3,128","3,098","1.03M","0.52%"
"Jan 23, 2019","3,102","3,089","3,124","3,084","894.40K","0.10%"
"Jan 22, 2019","3,099","3,115","3,117","3,081","845.06K","-0.39%"
"Jan 21, 2019","3,111","3,123","3,123","3,110","478.65K","-0.48%"
"Jan 18, 2019","3,126","3,077","3,132","3,073","1.47M","2.26%"
"Jan 17, 2019","3,057","3,059","3,076","3,041","900.93K","-0.20%"
"Jan 16, 2019","3,063","3,061","3,074","3,050","931.82K","0.23%"
"Jan 15, 2019","3,056","3,048","3,078","3,033","1.03M","0.49%"
"Jan 14, 2019","3,041","3,053","3,053","3,025","806.43K","-0.46%"
"Jan 11, 2019","3,055","3,070","3,076","3,044","846.01K","-0.10%"
"Jan 10, 2019","3,058","3,059","3,075","3,031","801.25K","-0.16%"
"Jan 09, 2019","3,063","3,057","3,078","3,048","911.58K","0.46%"
"Jan 08, 2019","3,049","3,027","3,067","3,019","1.07M","1.06%"
"Jan 07, 2019","3,017","3,046","3,059","3,002","923.19K","-0.33%"
"Jan 04, 2019","3,027","2,938","3,043","2,931","1.23M","2.75%"
"Jan 03, 2019","2,946","2,962","2,971","2,937","993.75K","-1.07%"
"Jan 02, 2019","2,978","2,999","3,007","2,923","942.08K","0.13%"
"Dec 28, 2018","2,974","2,960","2,991","2,939","1.04M","1.74%"
"Dec 27, 2018","2,923","2,981","2,994","2,895","1.18M","-1.68%"
"Dec 21, 2018","2,973","2,995","3,001","2,957","245.33K","-0.94%"
"Dec 20, 2018","3,001","3,016","3,027","2,970","1.67M","-1.80%"
"Dec 19, 2018","3,056","3,041","3,069","3,005","1.63M","0.33%"
"Dec 18, 2018","3,046","3,051","3,068","3,035","2.73M","-0.52%"
"Dec 17, 2018","3,062","3,074","3,098","3,030","2.17M","-0.71%"
"Dec 14, 2018","3,084","3,102","3,103","3,058","1.68M","-0.68%"
"Dec 13, 2018","3,105","3,101","3,124","3,095","1.69M","-0.16%"
"Dec 12, 2018","3,110","3,055","3,119","3,055","1.42M","1.60%"
"Dec 11, 2018","3,061","3,031","3,080","3,026","1.38M","1.83%"
"Dec 10, 2018","3,006","3,028","3,050","3,002","1.46M","-1.80%"
"Dec 07, 2018","3,061","3,079","3,093","3,028","1.47M","1.06%"
"Dec 06, 2018","3,029","3,105","3,120","3,027","2.18M","-3.69%"
"Dec 05, 2018","3,145","3,153","3,166","3,139","785.50K","-1.22%"
"Dec 04, 2018","3,184","3,202","3,206","3,132","1.26M","-0.84%"
"Dec 03, 2018","3,211","3,229","3,239","3,200","1.20M","1.52%"
"Nov 30, 2018","3,163","3,178","3,180","3,151","986.63K","-0.28%"
"Nov 29, 2018","3,172","3,194","3,194","3,162","1.03M","0.32%"
"Nov 28, 2018","3,162","3,178","3,198","3,158","911.09K","0.03%"
"Nov 27, 2018","3,161","3,164","3,188","3,143","929.27K","-0.22%"
"Nov 26, 2018","3,168","3,144","3,177","3,142","993.24K","1.25%"
"Nov 23, 2018","3,129","3,121","3,138","3,105","723.82K","0.38%"
"Nov 22, 2018","3,117","3,141","3,146","3,112","658.09K","-0.98%"
"Nov 21, 2018","3,148","3,121","3,150","3,118","1.12M","1.29%"
"Nov 20, 2018","3,108","3,140","3,145","3,092","1.54M","-1.36%"
"Nov 19, 2018","3,151","3,173","3,199","3,138","915.26K","-0.79%"
"Nov 16, 2018","3,176","3,200","3,207","3,149","1.29M","-0.19%"
"Nov 15, 2018","3,182","3,205","3,221","3,155","1.43M","-0.47%"
"Nov 14, 2018","3,197","3,200","3,233","3,170","1.38M","-0.68%"
"Nov 13, 2018","3,219","3,193","3,221","3,186","1.12M","1.07%"
"Nov 12, 2018","3,185","3,234","3,240","3,179","1.01M","-1.09%"
"Nov 09, 2018","3,220","3,215","3,231","3,196","999.20K","-0.12%"
"Nov 08, 2018","3,224","3,245","3,256","3,220","884.24K","-0.34%"
"Nov 07, 2018","3,235","3,221","3,257","3,211","986.37K","1.00%"
"Nov 06, 2018","3,203","3,216","3,223","3,189","809.16K","-0.19%"
"Nov 05, 2018","3,209","3,200","3,223","3,199","687.02K","-0.03%"
"Nov 02, 2018","3,210","3,228","3,243","3,194","1.26M","0.66%"
"Nov 01, 2018","3,189","3,183","3,220","3,177","1.22M","-0.16%"
"Oct 31, 2018","3,194","3,177","3,202","3,172","1.43M","1.62%"
"Oct 30, 2018","3,143","3,146","3,163","3,112","1.32M","-0.13%"
"Oct 29, 2018","3,147","3,122","3,173","3,098","1.41M","1.22%"
"Oct 26, 2018","3,109","3,120","3,148","3,080","1.91M","-1.49%"
"Oct 25, 2018","3,156","3,096","3,170","3,095","1.68M","1.12%"
"Oct 24, 2018","3,121","3,159","3,177","3,089","1.44M","-0.51%"
"Oct 23, 2018","3,137","3,150","3,177","3,121","1.76M","-1.41%"
"Oct 22, 2018","3,182","3,214","3,233","3,174","1.02M","-0.62%"
"Oct 19, 2018","3,202","3,205","3,217","3,174","1.47M","-0.03%"
"Oct 18, 2018","3,203","3,231","3,248","3,175","1.35M","-0.93%"
"Oct 17, 2018","3,233","3,255","3,271","3,218","1.15M","-0.43%"
"Oct 16, 2018","3,247","3,204","3,256","3,196","1.14M","1.41%"
"Oct 15, 2018","3,202","3,177","3,208","3,167","997.49K","0.60%"
"Oct 12, 2018","3,183","3,224","3,245","3,157","1.45M","-0.59%"
"Oct 11, 2018","3,202","3,199","3,244","3,163","2.41M","-1.81%"
"Oct 10, 2018","3,261","3,304","3,313","3,228","1.37M","-1.57%"
"Oct 09, 2018","3,313","3,301","3,321","3,265","1.15M","0.52%"
"Oct 08, 2018","3,296","3,334","3,334","3,286","967.67K","-1.05%"
"Oct 05, 2018","3,331","3,361","3,367","3,316","1.02M","-0.98%"
"Oct 04, 2018","3,364","3,385","3,387","3,348","1.07M","-1.09%"
"Oct 03, 2018","3,401","3,380","3,413","3,372","677.10K","0.77%"
"Oct 02, 2018","3,375","3,386","3,387","3,357","972.03K","-0.76%"
"Oct 01, 2018","3,401","3,391","3,413","3,385","731.42K","0.41%"
"Sep 28, 2018","3,387","3,430","3,432","3,365","1.48M","-1.43%"
"Sep 27, 2018","3,436","3,403","3,442","3,394","804.64K","0.44%"
"Sep 26, 2018","3,421","3,412","3,424","3,402","683.13K","0.47%"
"Sep 25, 2018","3,405","3,392","3,412","3,392","560.94K","0.38%"
"Sep 24, 2018","3,392","3,403","3,407","3,388","632.78K","-0.98%"
"Sep 21, 2018","3,426","3,416","3,438","3,414","214.93K","0.57%"
"Sep 20, 2018","3,406","3,368","3,414","3,366","1.42M","1.10%"
"Sep 19, 2018","3,369","3,363","3,375","3,351","1.52M","0.39%"
"Sep 18, 2018","3,356","3,334","3,369","3,334","2.17M","0.21%"
"Sep 17, 2018","3,349","3,331","3,352","3,330","1.88M","0.06%"
"Sep 14, 2018","3,347","3,339","3,352","3,333","1.02M","0.36%"
"Sep 13, 2018","3,335","3,320","3,354","3,316","1.12M","0.21%"
"Sep 12, 2018","3,328","3,318","3,330","3,303","1.18M","0.51%"
"Sep 11, 2018","3,311","3,318","3,320","3,285","1.04M","0.00%"
"Sep 10, 2018","3,311","3,292","3,324","3,287","857.54K","0.64%"
"Sep 07, 2018","3,290","3,296","3,306","3,273","1.17M","-0.18%"
"Sep 06, 2018","3,296","3,314","3,329","3,292","1.25M","-0.57%"
"Sep 05, 2018","3,315","3,356","3,357","3,311","1.30M","-1.28%"
"Sep 04, 2018","3,358","3,395","3,407","3,342","1.19M","-1.03%"
"Sep 03, 2018","3,393","3,383","3,397","3,380","474.25K","0.12%"
"Aug 31, 2018","3,389","3,422","3,427","3,376","1.06M","-1.20%"
"Aug 30, 2018","3,430","3,449","3,450","3,418","812.58K","-0.75%"
"Aug 29, 2018","3,456","3,452","3,459","3,436","598.36K","0.03%"
"Aug 28, 2018","3,455","3,458","3,463","3,443","593.36K","-0.06%"
"Aug 27, 2018","3,457","3,436","3,460","3,432","523.23K","0.82%"
"Aug 24, 2018","3,429","3,423","3,436","3,417","528.59K","0.32%"
"Aug 23, 2018","3,418","3,415","3,430","3,413","516.28K","-0.09%"
"Aug 22, 2018","3,421","3,402","3,429","3,398","611.21K","0.26%"
"Aug 21, 2018","3,412","3,392","3,423","3,385","629.21K","0.56%"
"Aug 20, 2018","3,393","3,378","3,404","3,375","627.79K","0.71%"
"Aug 17, 2018","3,369","3,378","3,384","3,351","913.97K","-0.30%"
"Aug 16, 2018","3,379","3,369","3,386","3,354","864.35K","1.08%"
"Aug 15, 2018","3,343","3,419","3,422","3,336","1.24M","-1.96%"
"Aug 14, 2018","3,410","3,415","3,434","3,396","767.78K","-0.03%"
"Aug 13, 2018","3,411","3,408","3,418","3,397","864.55K","-0.29%"
"Aug 10, 2018","3,421","3,477","3,480","3,410","1.41M","-1.98%"
"Aug 09, 2018","3,490","3,490","3,496","3,476","580.12K","0.00%"
"Aug 08, 2018","3,490","3,499","3,508","3,483","655.17K","-0.46%"
"Aug 07, 2018","3,506","3,482","3,514","3,482","627.67K","0.83%"
"Aug 06, 2018","3,477","3,488","3,500","3,468","639.55K","-0.11%"
"Aug 03, 2018","3,481","3,482","3,491","3,466","698.76K","0.46%"
"Aug 02, 2018","3,465","3,490","3,494","3,456","1.11M","-1.11%"
"Aug 01, 2018","3,504","3,520","3,528","3,495","837.34K","-0.60%"
"Jul 31, 2018","3,525","3,508","3,533","3,504","1.03M","0.43%"
"Jul 30, 2018","3,510","3,501","3,518","3,498","583.48K","-0.40%"
"Jul 27, 2018","3,524","3,503","3,525","3,501","663.41K","0.60%"
"Jul 26, 2018","3,503","3,480","3,505","3,477","857.88K","1.30%"
"Jul 25, 2018","3,458","3,472","3,497","3,453","852.83K","-0.66%"
"Jul 24, 2018","3,481","3,463","3,488","3,454","973.83K","0.96%"
"Jul 23, 2018","3,448","3,442","3,458","3,433","707.83K","-0.26%"
"Jul 20, 2018","3,457","3,455","3,474","3,423","1.15M","-0.17%"
"Jul 19, 2018","3,463","3,473","3,480","3,456","767.54K","-0.43%"
"Jul 18, 2018","3,478","3,460","3,482","3,459","890.39K","0.75%"
"Jul 17, 2018","3,452","3,441","3,468","3,422","884.64K","0.20%"
"Jul 16, 2018","3,445","3,448","3,458","3,434","663.55K","-0.09%"
"Jul 13, 2018","3,448","3,448","3,459","3,440","684.88K","0.29%"
"Jul 12, 2018","3,438","3,420","3,446","3,410","826.97K","0.56%"
"Jul 11, 2018","3,419","3,444","3,445","3,406","922.16K","-1.36%"
"Jul 10, 2018","3,466","3,463","3,474","3,447","791.26K","0.26%"
"Jul 09, 2018","3,457","3,457","3,465","3,444","614.03K","0.55%"
"Jul 06, 2018","3,438","3,450","3,457","3,421","821.90K","0.17%"
"Jul 05, 2018","3,432","3,400","3,452","3,399","1.04M","0.88%"
"Jul 04, 2018","3,402","3,391","3,409","3,386","376.92K","0.15%"
"Jul 03, 2018","3,397","3,376","3,411","3,368","814.00K","1.01%"
"Jul 02, 2018","3,363","3,355","3,378","3,334","912.51K","-0.83%"
"Jun 29, 2018","3,391","3,374","3,412","3,369","1.20M","1.19%"
"Jun 28, 2018","3,351","3,369","3,395","3,337","1.19M","-1.00%"
"Jun 27, 2018","3,385","3,367","3,415","3,330","1.47M","0.62%"
"Jun 26, 2018","3,364","3,369","3,383","3,352","882.02K","0.00%"
"Jun 25, 2018","3,364","3,406","3,415","3,352","999.92K","-1.84%"
"Jun 22, 2018","3,427","3,399","3,437","3,397","839.31K","1.00%"
"Jun 21, 2018","3,393","3,440","3,448","3,383","1.08M","-1.28%"
"Jun 20, 2018","3,437","3,450","3,452","3,427","877.00K","0.29%"
"Jun 19, 2018","3,427","3,420","3,443","3,399","1.16M","-0.90%"
"Jun 18, 2018","3,458","3,491","3,493","3,441","948.71K","-2.13%"
"Jun 15, 2018","3,533","3,535","3,542","3,526","213.00K","0.03%"
"Jun 14, 2018","3,532","3,469","3,546","3,456","1.32M","1.44%"
"Jun 13, 2018","3,482","3,474","3,488","3,464","1.82M","0.26%"
"Jun 12, 2018","3,473","3,487","3,498","3,470","2.91M","-0.29%"
"Jun 11, 2018","3,483","3,442","3,493","3,439","1.99M","1.25%"
"Jun 08, 2018","3,440","3,430","3,454","3,417","1.64M","-0.52%"
"Jun 07, 2018","3,458","3,475","3,486","3,425","1.24M","0.09%"
"Jun 06, 2018","3,455","3,460","3,474","3,428","1.40M","0.00%"
"Jun 05, 2018","3,455","3,462","3,493","3,446","1.19M","-0.29%"
"Jun 04, 2018","3,465","3,462","3,480","3,455","887.64K","0.64%"
"Jun 01, 2018","3,443","3,415","3,463","3,414","1.32M","1.06%"
"May 31, 2018","3,407","3,435","3,449","3,384","1.68M","-0.44%"
"May 30, 2018","3,422","3,408","3,450","3,399","1.55M","0.29%"
"May 29, 2018","3,412","3,465","3,468","3,380","2.05M","-1.61%"
"May 28, 2018","3,468","3,510","3,527","3,456","714.18K","-0.72%"
"May 25, 2018","3,493","3,520","3,530","3,470","1.25M","-0.23%"
"May 24, 2018","3,501","3,520","3,540","3,484","1.13M","-0.54%"
"May 23, 2018","3,520","3,553","3,558","3,505","1.44M","-1.51%"
"May 22, 2018","3,574","3,559","3,574","3,550","908.80K","0.53%"
"May 21, 2018","3,555","3,558","3,576","3,551","472.33K","0.31%"
"May 18, 2018","3,544","3,555","3,566","3,537","1.16M","-0.23%"
"May 17, 2018","3,552","3,532","3,560","3,527","1.03M","0.68%"
"May 16, 2018","3,528","3,532","3,537","3,515","957.01K","-0.03%"
"May 15, 2018","3,529","3,520","3,536","3,516","836.08K","-0.03%"
"May 14, 2018","3,530","3,538","3,538","3,517","692.71K","0.00%"
"May 11, 2018","3,530","3,539","3,540","3,520","630.92K","0.06%"
"May 10, 2018","3,528","3,532","3,536","3,508","654.18K","0.11%"
"May 09, 2018","3,524","3,518","3,535","3,512","751.40K","0.37%"
"May 08, 2018","3,511","3,515","3,520","3,495","760.98K","-0.31%"
"May 07, 2018","3,522","3,514","3,524","3,494","542.75K","0.71%"
"May 04, 2018","3,497","3,489","3,510","3,473","824.30K","0.72%"
"May 03, 2018","3,472","3,491","3,496","3,469","899.40K","-0.71%"
"May 02, 2018","3,497","3,476","3,500","3,472","981.05K","0.66%"
"Apr 30, 2018","3,474","3,460","3,479","3,453","846.25K","0.55%"
"Apr 27, 2018","3,455","3,452","3,461","3,440","784.52K","0.38%"
"Apr 26, 2018","3,442","3,425","3,456","3,411","863.90K","0.73%"
"Apr 25, 2018","3,417","3,412","3,426","3,396","1.06M","-0.52%"
"Apr 24, 2018","3,435","3,442","3,452","3,398","886.20K","-0.15%"
"Apr 23, 2018","3,440","3,427","3,443","3,408","726.18K","0.61%"
"Apr 20, 2018","3,419","3,414","3,432","3,404","863.86K","0.21%"
"Apr 19, 2018","3,412","3,418","3,423","3,398","870.90K","-0.18%"
"Apr 18, 2018","3,418","3,411","3,420","3,404","946.80K","0.32%"
"Apr 17, 2018","3,407","3,377","3,412","3,370","1.02M","1.28%"
"Apr 16, 2018","3,364","3,378","3,383","3,358","743.63K","-0.15%"
"Apr 13, 2018","3,369","3,363","3,389","3,357","850.40K","0.12%"
"Apr 12, 2018","3,365","3,337","3,369","3,333","813.74K","0.75%"
"Apr 11, 2018","3,340","3,349","3,356","3,331","830.46K","-0.60%"
"Apr 10, 2018","3,360","3,361","3,366","3,345","906.56K","0.81%"
"Apr 09, 2018","3,333","3,324","3,354","3,323","913.01K","0.33%"
"Apr 06, 2018","3,322","3,318","3,343","3,296","1.07M","-0.78%"
"Apr 05, 2018","3,348","3,295","3,349","3,289","1.30M","2.92%"
"Apr 04, 2018","3,253","3,267","3,286","3,213","1.22M","-0.34%"
"Apr 03, 2018","3,264","3,251","3,277","3,237","1.07M","-0.52%"
"Mar 29, 2018","3,281","3,243","3,295","3,241","1.20M","1.42%"
"Mar 28, 2018","3,235","3,193","3,262","3,179","1.56M","0.19%"
"Mar 27, 2018","3,229","3,237","3,249","3,180","1.15M","1.41%"
"Mar 26, 2018","3,184","3,201","3,232","3,172","1.20M","-0.93%"
"Mar 23, 2018","3,214","3,210","3,236","3,173","1.74M","-1.20%"
"Mar 22, 2018","3,253","3,298","3,307","3,223","1.60M","-1.75%"
"Mar 21, 2018","3,311","3,329","3,335","3,293","964.87K","-0.45%"
"Mar 20, 2018","3,326","3,320","3,332","3,294","852.86K","0.70%"
"Mar 19, 2018","3,303","3,333","3,343","3,288","1.04M","-3.71%"
"Mar 16, 2018","3,430","3,418","3,433","3,414","153.00K","0.33%"
"Mar 15, 2018","3,419","3,403","3,421","3,390","1.12M","0.80%"
"Mar 14, 2018","3,392","3,388","3,417","3,383","2.03M","0.06%"
"Mar 13, 2018","3,390","3,427","3,447","3,371","2.79M","-1.17%"
"Mar 12, 2018","3,430","3,437","3,446","3,416","1.72M","0.41%"
"Mar 09, 2018","3,416","3,415","3,435","3,402","1.37M","0.03%"
"Mar 08, 2018","3,415","3,380","3,420","3,373","1.63M","1.13%"
"Mar 07, 2018","3,377","3,327","3,386","3,320","1.40M","0.60%"
"Mar 06, 2018","3,357","3,372","3,389","3,352","1.17M","-0.06%"
"Mar 05, 2018","3,359","3,325","3,372","3,289","1.26M","1.05%"
"Mar 02, 2018","3,324","3,373","3,377","3,312","1.57M","-1.98%"
"Mar 01, 2018","3,391","3,416","3,434","3,349","1.64M","-1.37%"
"Feb 28, 2018","3,438","3,438","3,461","3,415","1.10M","-0.41%"
"Feb 27, 2018","3,452","3,470","3,476","3,438","1.01M","-0.40%"
"Feb 26, 2018","3,466","3,459","3,480","3,450","692.31K","0.81%"
"Feb 23, 2018","3,438","3,436","3,457","3,421","728.70K","0.00%"
"Feb 22, 2018","3,438","3,397","3,439","3,389","1.01M","0.32%"
"Feb 21, 2018","3,427","3,419","3,440","3,402","788.48K","-0.23%"
"Feb 20, 2018","3,435","3,407","3,437","3,396","887.50K","0.91%"
"Feb 19, 2018","3,404","3,432","3,439","3,397","494.45K","-0.64%"
"Feb 16, 2018","3,426","3,399","3,439","3,393","1.25M","1.21%"
"Feb 15, 2018","3,385","3,396","3,413","3,373","1.25M","0.27%"
"Feb 14, 2018","3,376","3,352","3,393","3,309","1.58M","1.05%"
"Feb 13, 2018","3,341","3,367","3,372","3,335","1.30M","-0.92%"
"Feb 12, 2018","3,372","3,370","3,389","3,349","1.43M","1.97%"
"Feb 09, 2018","3,307","3,339","3,376","3,256","2.58M","-1.52%"
"Feb 08, 2018","3,358","3,420","3,441","3,336","2.04M","-2.72%"
"Feb 07, 2018","3,452","3,430","3,463","3,398","1.86M","1.80%"
"Feb 06, 2018","3,391","3,330","3,472","3,327","3.35M","-2.47%"
"Feb 05, 2018","3,477","3,483","3,504","3,352","1.80M","-1.25%"
"Feb 02, 2018","3,521","3,575","3,577","3,490","1.49M","-1.29%"
"Feb 01, 2018","3,567","3,615","3,634","3,563","1.35M","-0.92%"
"Jan 31, 2018","3,600","3,604","3,614","3,593","972.17K","-0.08%"
"Jan 30, 2018","3,603","3,620","3,627","3,593","1.07M","-0.85%"
"Jan 29, 2018","3,634","3,649","3,650","3,627","627.35K","-0.11%"
"Jan 26, 2018","3,638","3,629","3,657","3,621","694.12K","0.58%"
"Jan 25, 2018","3,617","3,633","3,652","3,604","1.10M","-0.66%"
"Jan 24, 2018","3,641","3,663","3,666","3,623","878.98K","-0.49%"
"Jan 23, 2018","3,659","3,675","3,681","3,653","865.66K","0.14%"
"Jan 22, 2018","3,654","3,645","3,670","3,635","733.99K","0.41%"
"Jan 19, 2018","3,639","3,607","3,650","3,605","1.03M","0.94%"
"Jan 18, 2018","3,605","3,613","3,619","3,595","996.06K","0.17%"
"Jan 17, 2018","3,599","3,594","3,620","3,592","1.02M","-0.22%"
"Jan 16, 2018","3,607","3,605","3,629","3,583","1.01M","-0.03%"
"Jan 15, 2018","3,608","3,605","3,614","3,592","516.81K","0.28%"
"Jan 12, 2018","3,598","3,596","3,606","3,587","853.77K","0.33%"
"Jan 11, 2018","3,586","3,600","3,608","3,576","895.49K","-0.25%"
"Jan 10, 2018","3,595","3,609","3,614","3,586","1.12M","-0.47%"
"Jan 09, 2018","3,612","3,603","3,619","3,601","776.79K","0.17%"
"Jan 08, 2018","3,606","3,604","3,613","3,596","793.28K","0.33%"
"Jan 05, 2018","3,594","3,556","3,602","3,555","1.00M","1.07%"
"Jan 04, 2018","3,556","3,508","3,570","3,507","1.11M","1.57%"
"Jan 03, 2018","3,501","3,480","3,508","3,475","797.69K","0.81%"
"Jan 02, 2018","3,473","3,499","3,503","3,455","831.95K","-0.57%"
"Dec 29, 2017","3,493","3,517","3,518","3,480","565.33K","-0.43%"
"Dec 28, 2017","3,508","3,538","3,539","3,506","421.83K","-0.93%"
"Dec 27, 2017","3,541","3,540","3,558","3,529","341.77K","0.00%"
"Dec 22, 2017","3,541","3,546","3,555","3,535","354.73K","-0.51%"
"Dec 21, 2017","3,559","3,537","3,565","3,522","612.74K","0.57%"
"Dec 20, 2017","3,539","3,577","3,579","3,534","782.05K","-0.92%"
"Dec 19, 2017","3,572","3,595","3,603","3,567","657.08K","-0.72%"
"Dec 18, 2017","3,598","3,576","3,603","3,569","815.35K","1.38%"
"Dec 15, 2017","3,549","3,550","3,560","3,542","130.64K","-0.36%"
"Dec 14, 2017","3,562","3,570","3,582","3,543","1.14M","-0.61%"
"Dec 13, 2017","3,584","3,595","3,603","3,567","1.89M","-0.33%"
"Dec 12, 2017","3,596","3,591","3,600","3,568","2.20M","0.42%"
"Dec 11, 2017","3,581","3,601","3,604","3,577","1.80M","-0.36%"
"Dec 08, 2017","3,594","3,591","3,612","3,587","1.26M","0.62%"
"Dec 07, 2017","3,572","3,567","3,580","3,556","1.01M","0.37%"
"Dec 06, 2017","3,559","3,546","3,568","3,529","1.11M","-0.39%"
"Dec 05, 2017","3,573","3,574","3,581","3,550","915.28K","0.08%"
"Dec 04, 2017","3,570","3,564","3,585","3,550","1.02M","1.33%"
"Dec 01, 2017","3,523","3,573","3,573","3,511","1.93M","-1.40%"
"Nov 30, 2017","3,573","3,587","3,612","3,565","1.28M","-0.39%"
"Nov 29, 2017","3,587","3,600","3,618","3,579","1.13M","0.14%"
"Nov 28, 2017","3,582","3,562","3,602","3,554","837.24K","0.56%"
"Nov 27, 2017","3,562","3,568","3,594","3,559","902.92K","-0.47%"
"Nov 24, 2017","3,579","3,565","3,599","3,564","948.33K","0.36%"
"Nov 23, 2017","3,566","3,555","3,579","3,542","984.45K","0.17%"
"Nov 22, 2017","3,560","3,579","3,594","3,553","857.75K","-0.45%"
"Nov 21, 2017","3,576","3,555","3,589","3,547","1.05M","0.48%"
"Nov 20, 2017","3,559","3,525","3,564","3,523","916.18K","0.42%"
"Nov 17, 2017","3,544","3,563","3,569","3,537","951.14K","-0.45%"
"Nov 16, 2017","3,560","3,552","3,574","3,549","992.58K","0.39%"
"Nov 15, 2017","3,546","3,536","3,549","3,515","1.35M","-0.17%"
"Nov 14, 2017","3,552","3,571","3,586","3,541","1.04M","-0.59%"
"Nov 13, 2017","3,573","3,591","3,598","3,540","1.15M","-0.39%"
"Nov 10, 2017","3,587","3,605","3,615","3,583","1.18M","-0.72%"
"Nov 09, 2017","3,613","3,649","3,655","3,582","1.62M","-0.96%"
"Nov 08, 2017","3,648","3,653","3,663","3,636","1.04M","-0.22%"
"Nov 07, 2017","3,656","3,688","3,693","3,643","1.09M","-0.63%"
"Nov 06, 2017","3,679","3,681","3,683","3,664","631.38K","-0.14%"
"Nov 03, 2017","3,684","3,692","3,694","3,671","708.97K","-0.03%"
"Nov 02, 2017","3,685","3,685","3,694","3,667","906.79K","-0.27%"
"Nov 01, 2017","3,695","3,689","3,703","3,685","1.07M","0.46%"
"Oct 31, 2017","3,678","3,653","3,682","3,653","597.76K","0.68%"
"Oct 30, 2017","3,653","3,643","3,663","3,643","654.31K","0.14%"
"Oct 27, 2017","3,648","3,638","3,665","3,638","1.36M","0.41%"
"Oct 26, 2017","3,633","3,588","3,644","3,573","1.39M","1.48%"
"Oct 25, 2017","3,580","3,600","3,616","3,568","1.03M","-0.72%"
"Oct 24, 2017","3,606","3,594","3,618","3,594","675.24K","0.08%"
"Oct 23, 2017","3,603","3,603","3,619","3,589","682.96K","0.14%"
"Oct 20, 2017","3,598","3,603","3,610","3,592","744.24K","0.14%"
"Oct 19, 2017","3,593","3,612","3,614","3,578","1.14M","-0.47%"
"Oct 18, 2017","3,610","3,604","3,619","3,599","628.23K","0.11%"
"Oct 17, 2017","3,606","3,602","3,612","3,589","645.09K","0.22%"
"Oct 16, 2017","3,598","3,605","3,606","3,591","503.87K","-0.06%"
"Oct 13, 2017","3,600","3,603","3,610","3,590","655.19K","0.06%"
"Oct 12, 2017","3,598","3,601","3,604","3,586","483.30K","-0.03%"
"Oct 11, 2017","3,599","3,604","3,604","3,581","646.91K","0.31%"
"Oct 10, 2017","3,588","3,596","3,606","3,580","765.45K","-0.33%"
"Oct 09, 2017","3,600","3,602","3,609","3,588","459.79K","0.22%"
"Oct 06, 2017","3,592","3,604","3,606","3,585","645.15K","-0.28%"
"Oct 05, 2017","3,602","3,585","3,607","3,577","625.57K","0.53%"
"Oct 04, 2017","3,583","3,600","3,601","3,573","721.36K","-0.36%"
"Oct 03, 2017","3,596","3,601","3,602","3,588","350.42K","0.22%"
"Oct 02, 2017","3,588","3,586","3,597","3,577","756.93K","0.34%"
"Sep 29, 2017","3,576","3,557","3,585","3,549","927.46K","0.73%"
"Sep 28, 2017","3,550","3,552","3,556","3,544","628.29K","0.11%"
"Sep 27, 2017","3,546","3,531","3,558","3,528","811.24K","0.74%"
"Sep 26, 2017","3,520","3,521","3,533","3,518","720.45K","-0.20%"
"Sep 25, 2017","3,527","3,522","3,536","3,515","666.24K","-0.03%"
"Sep 22, 2017","3,528","3,519","3,540","3,517","566.28K","-0.06%"
"Sep 21, 2017","3,530","3,528","3,534","3,522","671.47K","0.57%"
"Sep 20, 2017","3,510","3,514","3,535","3,507","655.23K","-0.17%"
"Sep 19, 2017","3,516","3,516","3,518","3,506","599.53K","0.03%"
"Sep 18, 2017","3,515","3,514","3,524","3,508","551.42K","-0.28%"
"Sep 15, 2017","3,525","3,528","3,535","3,521","139.92K","-0.14%"
"Sep 14, 2017","3,530","3,518","3,533","3,511","1.26M","0.09%"
"Sep 13, 2017","3,527","3,509","3,530","3,503","1.96M","0.43%"
"Sep 12, 2017","3,512","3,501","3,522","3,501","2.39M","0.57%"
"Sep 11, 2017","3,492","3,464","3,507","3,464","1.93M","1.31%"
"Sep 08, 2017","3,447","3,438","3,453","3,432","1.16M","-0.06%"
"Sep 07, 2017","3,449","3,443","3,469","3,438","1.52M","0.41%"
"Sep 06, 2017","3,435","3,402","3,455","3,396","999.81K","0.41%"
"Sep 05, 2017","3,421","3,431","3,448","3,394","976.32K","-0.29%"
"Sep 04, 2017","3,431","3,432","3,438","3,415","403.04K","-0.38%"
"Sep 01, 2017","3,444","3,426","3,455","3,426","836.51K","0.58%"
"Aug 31, 2017","3,424","3,418","3,438","3,413","904.36K","0.59%"
"Aug 30, 2017","3,404","3,411","3,417","3,395","794.72K","0.50%"
"Aug 29, 2017","3,387","3,395","3,405","3,361","1.26M","-1.02%"
"Aug 28, 2017","3,422","3,428","3,439","3,411","530.35K","-0.52%"
"Aug 25, 2017","3,440","3,449","3,461","3,432","667.10K","-0.15%"
"Aug 24, 2017","3,445","3,438","3,460","3,438","659.82K","0.20%"
"Aug 23, 2017","3,438","3,454","3,466","3,429","745.45K","-0.49%"
"Aug 22, 2017","3,455","3,435","3,461","3,430","654.36K","1.02%"
"Aug 21, 2017","3,420","3,435","3,441","3,408","808.77K","-0.78%"
"Aug 18, 2017","3,447","3,440","3,453","3,418","1.26M","-0.43%"
"Aug 17, 2017","3,462","3,474","3,484","3,432","988.75K","-0.63%"
"Aug 16, 2017","3,484","3,462","3,496","3,461","825.66K","0.64%"
"Aug 15, 2017","3,462","3,457","3,474","3,452","693.88K","0.23%"
"Aug 14, 2017","3,454","3,418","3,459","3,418","895.56K","1.62%"
"Aug 11, 2017","3,399","3,408","3,420","3,389","1.28M","-0.79%"
"Aug 10, 2017","3,426","3,462","3,465","3,409","1.12M","-1.15%"
"Aug 09, 2017","3,466","3,488","3,494","3,449","1.18M","-1.31%"
"Aug 08, 2017","3,512","3,496","3,523","3,490","668.33K","0.31%"
"Aug 07, 2017","3,501","3,508","3,516","3,494","490.36K","-0.11%"
"Aug 04, 2017","3,505","3,459","3,514","3,453","937.62K","1.21%"
"Aug 03, 2017","3,463","3,455","3,468","3,433","800.14K","0.29%"
"Aug 02, 2017","3,453","3,477","3,479","3,445","772.42K","-0.58%"
"Aug 01, 2017","3,473","3,452","3,486","3,441","926.40K","0.75%"
"Jul 31, 2017","3,447","3,455","3,474","3,434","845.42K","-0.26%"
"Jul 28, 2017","3,456","3,466","3,470","3,443","909.63K","-0.72%"
"Jul 27, 2017","3,481","3,480","3,501","3,462","825.08K","-0.03%"
"Jul 26, 2017","3,482","3,465","3,495","3,464","723.17K","0.29%"
"Jul 25, 2017","3,472","3,458","3,489","3,447","884.20K","0.90%"
"Jul 24, 2017","3,441","3,450","3,459","3,425","862.58K","-0.12%"
"Jul 21, 2017","3,445","3,491","3,502","3,429","1.38M","-1.29%"
"Jul 20, 2017","3,490","3,503","3,525","3,479","1.17M","0.06%"
"Jul 19, 2017","3,488","3,484","3,503","3,470","757.24K","0.40%"
"Jul 18, 2017","3,474","3,502","3,513","3,462","1.09M","-1.11%"
"Jul 17, 2017","3,513","3,526","3,531","3,498","659.59K","-0.09%"
"Jul 14, 2017","3,516","3,526","3,530","3,505","585.98K","-0.11%"
"Jul 13, 2017","3,520","3,515","3,534","3,507","715.12K","0.20%"
"Jul 12, 2017","3,513","3,470","3,519","3,464","874.96K","1.68%"
"Jul 11, 2017","3,455","3,478","3,488","3,453","656.92K","-0.49%"
"Jul 10, 2017","3,472","3,475","3,480","3,460","518.09K","0.52%"
"Jul 07, 2017","3,454","3,446","3,469","3,443","664.98K","0.06%"
"Jul 06, 2017","3,452","3,478","3,478","3,427","1.03M","-0.60%"
"Jul 05, 2017","3,473","3,473","3,482","3,459","754.07K","-0.17%"
"Jul 04, 2017","3,479","3,467","3,486","3,461","463.59K","-0.09%"
"Jul 03, 2017","3,482","3,458","3,486","3,448","735.44K","1.49%"
"Jun 30, 2017","3,431","3,453","3,482","3,425","1.26M","-0.87%"
"Jun 29, 2017","3,461","3,544","3,548","3,438","1.50M","-1.90%"
"Jun 28, 2017","3,528","3,507","3,538","3,488","1.08M","-0.06%"
"Jun 27, 2017","3,530","3,551","3,553","3,508","900.78K","-0.73%"
"Jun 26, 2017","3,556","3,540","3,574","3,540","684.99K","0.62%"
"Jun 23, 2017","3,534","3,545","3,547","3,518","724.89K","-0.45%"
"Jun 22, 2017","3,550","3,543","3,551","3,517","725.33K","0.11%"
"Jun 21, 2017","3,546","3,543","3,555","3,512","886.67K","-0.25%"
"Jun 20, 2017","3,555","3,586","3,592","3,543","808.78K","-0.59%"
"Jun 19, 2017","3,576","3,547","3,585","3,547","723.01K","1.10%"
"Jun 16, 2017","3,537","3,534","3,553","3,533","218.76K","0.26%"
"Jun 15, 2017","3,528","3,548","3,550","3,499","1.49M","-0.70%"
"Jun 14, 2017","3,553","3,560","3,590","3,540","2.28M","-0.06%"
"Jun 13, 2017","3,555","3,545","3,568","3,543","2.63M","0.28%"
"Jun 12, 2017","3,545","3,568","3,573","3,531","2.02M","-0.95%"
"Jun 09, 2017","3,579","3,562","3,595","3,556","1.42M","0.51%"
"Jun 08, 2017","3,561","3,552","3,571","3,543","1.08M","0.51%"
"Jun 07, 2017","3,543","3,546","3,574","3,533","1.12M","-0.14%"
"Jun 06, 2017","3,548","3,565","3,569","3,538","947.86K","-0.62%"
"Jun 05, 2017","3,570","3,587","3,590","3,563","348.76K","-0.31%"
"Jun 02, 2017","3,581","3,590","3,610","3,577","1.13M","0.53%"
"Jun 01, 2017","3,562","3,558","3,576","3,548","835.94K","0.25%"
"May 31, 2017","3,553","3,545","3,580","3,542","1.27M","0.17%"
"May 30, 2017","3,547","3,555","3,558","3,534","860.25K","-0.42%"
"May 29, 2017","3,562","3,568","3,570","3,552","213.39K","0.03%"
"May 26, 2017","3,561","3,562","3,565","3,530","771.95K","-0.14%"
"May 25, 2017","3,566","3,585","3,593","3,555","788.58K","-0.06%"
"May 24, 2017","3,568","3,578","3,584","3,563","607.41K","-0.36%"
"May 23, 2017","3,581","3,553","3,590","3,550","856.29K","0.56%"
"May 22, 2017","3,561","3,574","3,579","3,553","665.03K","-0.14%"
"May 19, 2017","3,566","3,552","3,571","3,545","1.08M","0.71%"
"May 18, 2017","3,541","3,543","3,565","3,507","1.73M","-0.59%"
"May 17, 2017","3,562","3,607","3,615","3,535","1.60M","-1.63%"
"May 16, 2017","3,621","3,614","3,629","3,609","839.10K","0.28%"
"May 15, 2017","3,611","3,616","3,622","3,593","744.61K","0.28%"
"May 12, 2017","3,601","3,591","3,611","3,585","769.75K","0.45%"
"May 11, 2017","3,585","3,612","3,616","3,571","1.24M","-0.58%"
"May 10, 2017","3,606","3,603","3,614","3,595","872.78K","-0.19%"
"May 09, 2017","3,613","3,608","3,623","3,597","959.03K","0.33%"
"May 08, 2017","3,601","3,642","3,645","3,593","1.19M","-0.36%"
"May 05, 2017","3,614","3,571","3,645","3,567","1.31M","1.06%"
"May 04, 2017","3,576","3,541","3,583","3,539","1.22M","1.27%"
"May 03, 2017","3,531","3,526","3,539","3,518","704.61K","0.14%"
"May 02, 2017","3,526","3,502","3,533","3,500","797.46K","0.51%"
"Apr 28, 2017","3,508","3,501","3,514","3,494","1.01M","0.20%"
"Apr 27, 2017","3,501","3,503","3,513","3,494","910.33K","-0.40%"
"Apr 26, 2017","3,515","3,527","3,527","3,498","1.14M","-0.17%"
"Apr 25, 2017","3,521","3,511","3,531","3,510","1.32M","0.31%"
"Apr 24, 2017","3,510","3,464","3,521","3,450","2.27M","3.94%"
"Apr 21, 2017","3,377","3,378","3,391","3,352","1.48M","0.03%"
"Apr 20, 2017","3,376","3,347","3,383","3,338","1.28M","0.63%"
"Apr 19, 2017","3,355","3,342","3,360","3,335","956.08K","0.12%"
"Apr 18, 2017","3,351","3,394","3,396","3,326","1.36M","-0.77%"
"Apr 13, 2017","3,377","3,397","3,398","3,365","1.04M","-0.71%"
"Apr 12, 2017","3,401","3,412","3,430","3,390","899.25K","0.06%"
"Apr 11, 2017","3,399","3,402","3,417","3,377","1.34M","-0.50%"
"Apr 10, 2017","3,416","3,429","3,432","3,403","666.06K","-0.20%"
"Apr 07, 2017","3,423","3,406","3,436","3,401","941.02K","0.00%"
"Apr 06, 2017","3,423","3,381","3,425","3,375","1.07M","0.65%"
"Apr 05, 2017","3,401","3,420","3,426","3,385","1.03M","-0.23%"
"Apr 04, 2017","3,409","3,405","3,419","3,393","737.45K","0.09%"
"Apr 03, 2017","3,406","3,432","3,441","3,388","1.14M","-0.58%"
"Mar 31, 2017","3,426","3,402","3,436","3,395","1.13M","0.44%"
"Mar 30, 2017","3,411","3,401","3,413","3,392","689.83K","0.35%"
"Mar 29, 2017","3,399","3,397","3,411","3,388","928.03K","0.24%"
"Mar 28, 2017","3,391","3,376","3,402","3,363","935.78K","0.86%"
"Mar 27, 2017","3,362","3,350","3,372","3,333","893.42K","-0.24%"
"Mar 24, 2017","3,370","3,373","3,377","3,358","829.78K","-0.18%"
"Mar 23, 2017","3,376","3,353","3,378","3,337","1.10M","0.84%"
"Mar 22, 2017","3,348","3,334","3,355","3,321","1.15M","-0.06%"
"Mar 21, 2017","3,350","3,365","3,397","3,336","1.34M","-0.45%"
"Mar 20, 2017","3,365","3,359","3,374","3,355","600.67K","-2.60%"
"Mar 17, 2017","3,455","3,436","3,456","3,428","147.10K","0.46%"
"Mar 16, 2017","3,439","3,437","3,451","3,429","1.59M","0.88%"
"Mar 15, 2017","3,409","3,405","3,428","3,398","1.79M","0.32%"
"Mar 14, 2017","3,398","3,423","3,425","3,389","2.52M","-0.59%"
"Mar 13, 2017","3,418","3,416","3,426","3,408","1.72M","-0.09%"
"Mar 10, 2017","3,421","3,422","3,443","3,407","1.96M","0.32%"
"Mar 09, 2017","3,410","3,382","3,418","3,379","1.34M","0.47%"
"Mar 08, 2017","3,394","3,379","3,402","3,374","1.39M","0.41%"
"Mar 07, 2017","3,380","3,397","3,398","3,374","810.18K","-0.24%"
"Mar 06, 2017","3,388","3,396","3,399","3,378","860.55K","-0.47%"
"Mar 03, 2017","3,404","3,375","3,415","3,369","1.22M","0.53%"
"Mar 02, 2017","3,386","3,392","3,394","3,377","964.68K","-0.03%"
"Mar 01, 2017","3,387","3,329","3,399","3,327","1.39M","1.90%"
"Feb 28, 2017","3,324","3,319","3,325","3,301","1.00M","0.39%"
"Feb 27, 2017","3,311","3,317","3,323","3,302","835.73K","0.12%"
"Feb 24, 2017","3,307","3,330","3,332","3,279","1.34M","-0.69%"
"Feb 23, 2017","3,330","3,341","3,350","3,324","1.02M","-0.24%"
"Feb 22, 2017","3,338","3,344","3,354","3,322","1.03M","0.03%"
"Feb 21, 2017","3,337","3,315","3,345","3,299","928.68K","0.69%"
"Feb 20, 2017","3,314","3,325","3,332","3,303","507.82K","0.39%"
"Feb 17, 2017","3,301","3,309","3,319","3,280","1.15M","-0.21%"
"Feb 16, 2017","3,308","3,320","3,327","3,302","1.04M","-0.54%"
"Feb 15, 2017","3,326","3,320","3,333","3,310","928.68K","0.54%"
"Feb 14, 2017","3,308","3,305","3,320","3,296","725.87K","0.00%"
"Feb 13, 2017","3,308","3,272","3,314","3,272","984.03K","1.16%"
"Feb 10, 2017","3,270","3,286","3,292","3,262","972.48K","-0.27%"
"Feb 09, 2017","3,279","3,244","3,281","3,240","1.21M","1.36%"
"Feb 08, 2017","3,235","3,245","3,249","3,211","1.25M","0.12%"
"Feb 07, 2017","3,231","3,225","3,250","3,215","944.10K","-0.25%"
"Feb 06, 2017","3,239","3,270","3,281","3,226","1.25M","-1.13%"
"Feb 03, 2017","3,276","3,251","3,283","3,251","832.71K","0.68%"
"Feb 02, 2017","3,254","3,243","3,264","3,238","864.18K","0.15%"
"Feb 01, 2017","3,249","3,255","3,268","3,247","1.03M","0.46%"
"Jan 31, 2017","3,234","3,255","3,277","3,223","1.29M","-0.55%"
"Jan 30, 2017","3,252","3,288","3,291","3,247","1.02M","-1.31%"
"Jan 27, 2017","3,295","3,311","3,314","3,286","809.11K","-0.39%"
"Jan 26, 2017","3,308","3,327","3,336","3,302","845.68K","-0.48%"
"Jan 25, 2017","3,324","3,290","3,328","3,288","1.06M","1.56%"
"Jan 24, 2017","3,273","3,276","3,292","3,261","706.55K","0.31%"
"Jan 23, 2017","3,263","3,273","3,286","3,254","1.02M","-0.76%"
"Jan 20, 2017","3,288","3,281","3,303","3,269","997.48K","0.27%"
"Jan 19, 2017","3,279","3,296","3,299","3,269","890.48K","-0.21%"
"Jan 18, 2017","3,286","3,289","3,295","3,265","772.68K","0.15%"
"Jan 17, 2017","3,281","3,281","3,292","3,257","1.16M","-0.24%"
"Jan 16, 2017","3,289","3,299","3,304","3,284","571.74K","-0.75%"
"Jan 13, 2017","3,314","3,298","3,320","3,287","877.47K","1.01%"
"Jan 12, 2017","3,281","3,292","3,298","3,271","1.02M","-0.52%"
"Jan 11, 2017","3,298","3,298","3,318","3,276","1.07M","-0.06%"
"Jan 10, 2017","3,300","3,299","3,311","3,287","796.91K","-0.03%"
"Jan 09, 2017","3,301","3,321","3,324","3,287","744.41K","-0.36%"
"Jan 06, 2017","3,313","3,305","3,320","3,291","806.07K","0.27%"
"Jan 05, 2017","3,304","3,298","3,315","3,290","878.65K","0.00%"
"Jan 04, 2017","3,304","3,314","3,319","3,292","792.38K","-0.06%"
"Jan 03, 2017","3,306","3,303","3,326","3,297","1.01M","0.33%"
"Jan 02, 2017","3,295","3,266","3,305","3,263","250.44K","0.55%"
"Dec 30, 2016","3,277","3,264","3,286","3,251","586.70K","0.49%"
"Dec 29, 2016","3,261","3,262","3,267","3,250","452.96K","-0.21%"
"Dec 28, 2016","3,268","3,272","3,274","3,254","319.61K","-0.06%"
"Dec 27, 2016","3,270","3,260","3,274","3,259","185.30K","0.21%"
"Dec 23, 2016","3,263","3,260","3,270","3,254","356.35K","0.21%"
"Dec 22, 2016","3,256","3,253","3,267","3,249","603.02K","-0.12%"
"Dec 21, 2016","3,260","3,262","3,269","3,252","609.08K","-0.24%"
"Dec 20, 2016","3,268","3,244","3,269","3,239","749.63K","0.74%"
"Dec 19, 2016","3,244","3,249","3,249","3,236","626.58K","-0.75%"
"Dec 16, 2016","3,269","3,248","3,269","3,239","191.05K","0.41%"
"Dec 15, 2016","3,255","3,219","3,261","3,214","1.69M","1.15%"
"Dec 14, 2016","3,218","3,234","3,239","3,206","2.29M","-0.68%"
"Dec 13, 2016","3,240","3,194","3,245","3,192","2.73M","1.35%"
"Dec 12, 2016","3,197","3,212","3,212","3,186","2.05M","0.00%"
"Dec 09, 2016","3,197","3,190","3,214","3,178","1.61M","0.28%"
"Dec 08, 2016","3,188","3,154","3,197","3,137","2.34M","1.63%"
"Dec 07, 2016","3,137","3,123","3,170","3,121","1.62M","1.06%"
"Dec 06, 2016","3,104","3,059","3,124","3,046","1.46M","1.67%"
"Dec 05, 2016","3,053","2,984","3,072","2,974","1.66M","1.19%"
"Dec 02, 2016","3,017","3,010","3,024","2,982","1.36M","-0.23%"
"Dec 01, 2016","3,024","3,040","3,050","3,013","1.40M","-0.88%"
"Nov 30, 2016","3,051","3,036","3,064","3,031","1.22M","0.53%"
"Nov 29, 2016","3,035","3,012","3,045","3,003","1.00M","0.73%"
"Nov 28, 2016","3,013","3,048","3,051","3,006","1.02M","-1.05%"
"Nov 25, 2016","3,045","3,047","3,059","3,027","560.74K","0.20%"
"Nov 24, 2016","3,039","3,038","3,047","3,025","544.13K","0.20%"
"Nov 23, 2016","3,033","3,053","3,054","3,012","1.14M","-0.30%"
"Nov 22, 2016","3,042","3,057","3,060","3,038","892.74K","0.43%"
"Nov 21, 2016","3,029","3,028","3,044","3,001","803.35K","0.23%"
"Nov 18, 2016","3,022","3,050","3,056","3,012","1.04M","-0.49%"
"Nov 17, 2016","3,037","3,030","3,052","3,010","962.29K","0.36%"
"Nov 16, 2016","3,026","3,062","3,063","3,007","1.15M","-0.82%"
"Nov 15, 2016","3,051","3,041","3,060","3,027","871.29K","0.43%"
"Nov 14, 2016","3,038","3,053","3,066","3,022","1.20M","0.63%"
"Nov 11, 2016","3,019","3,053","3,063","3,007","1.20M","-0.76%"
"Nov 10, 2016","3,042","3,067","3,100","3,022","2.10M","-0.13%"
"Nov 09, 2016","3,046","2,881","3,067","2,874","2.54M","0.99%"
"Nov 08, 2016","3,016","3,001","3,037","2,995","1.11M","0.60%"
"Nov 07, 2016","2,998","2,997","3,009","2,982","988.95K","1.66%"
"Nov 04, 2016","2,949","2,965","2,967","2,928","1.19M","-0.64%"
"Nov 03, 2016","2,968","2,975","2,995","2,956","1.06M","-0.27%"
"Nov 02, 2016","2,976","2,992","2,999","2,962","1.22M","-1.16%"
"Nov 01, 2016","3,011","3,069","3,073","2,993","1.17M","-1.38%"
"Oct 31, 2016","3,053","3,062","3,066","3,042","826.96K","-0.55%"
"Oct 28, 2016","3,070","3,069","3,076","3,043","1.07M","-0.20%"
"Oct 27, 2016","3,076","3,057","3,090","3,055","978.18K","0.10%"
"Oct 26, 2016","3,073","3,079","3,079","3,052","887.87K","-0.07%"
"Oct 25, 2016","3,075","3,096","3,100","3,072","728.51K","-0.42%"
"Oct 24, 2016","3,088","3,073","3,102","3,071","748.23K","0.68%"
"Oct 21, 2016","3,067","3,066","3,079","3,055","754.20K","0.03%"
"Oct 20, 2016","3,066","3,056","3,079","3,036","1.09M","0.56%"
"Oct 19, 2016","3,049","3,039","3,055","3,028","674.77K","0.36%"
"Oct 18, 2016","3,038","3,017","3,047","3,013","776.14K","1.40%"
"Oct 17, 2016","2,996","2,998","3,017","2,992","758.36K","-0.63%"
"Oct 14, 2016","3,015","2,984","3,029","2,973","1.07M","1.75%"
"Oct 13, 2016","2,963","2,981","2,984","2,944","1.21M","-1.13%"
"Oct 12, 2016","2,997","3,007","3,019","2,994","834.42K","-0.33%"
"Oct 11, 2016","3,007","3,013","3,040","2,997","895.29K","-0.63%"
"Oct 10, 2016","3,026","2,994","3,030","2,972","838.07K","1.17%"
"Oct 07, 2016","2,991","3,016","3,019","2,977","1.24M","-0.93%"
"Oct 06, 2016","3,019","3,020","3,034","3,004","962.09K","0.07%"
"Oct 05, 2016","3,017","3,004","3,022","2,979","931.50K","-0.20%"
"Oct 04, 2016","3,023","2,989","3,030","2,983","1.31M","1.37%"
"Oct 03, 2016","2,982","2,989","2,999","2,967","436.01K","-0.40%"
"Sep 30, 2016","2,994","2,938","3,000","2,909","1.81M","0.50%"
"Sep 29, 2016","2,979","3,009","3,022","2,935","1.21M","0.03%"
"Sep 28, 2016","2,978","2,963","3,005","2,962","1.11M","0.78%"
"Sep 27, 2016","2,955","2,983","2,988","2,934","1.15M","-0.27%"
"Sep 26, 2016","2,963","3,001","3,006","2,958","1.13M","-1.85%"
"Sep 23, 2016","3,019","3,035","3,035","3,011","824.68K","-0.53%"
"Sep 22, 2016","3,035","2,987","3,050","2,982","1.36M","2.19%"
"Sep 21, 2016","2,970","2,965","2,996","2,958","1.03M","0.54%"
"Sep 20, 2016","2,954","2,944","2,972","2,943","945.32K","0.00%"
"Sep 19, 2016","2,954","2,939","2,958","2,936","867.49K","-0.42%"
"Sep 16, 2016","2,967","2,973","2,976","2,951","198.52K","-0.35%"
"Sep 15, 2016","2,977","2,956","2,986","2,946","1.57M","0.30%"
"Sep 14, 2016","2,968","2,991","2,995","2,953","2.38M","-0.24%"
"Sep 13, 2016","2,975","3,038","3,038","2,963","2.85M","-1.20%"
"Sep 12, 2016","3,011","3,002","3,048","2,981","2.48M","-1.34%"
"Sep 09, 2016","3,052","3,080","3,087","3,023","1.65M","-1.04%"
"Sep 08, 2016","3,084","3,090","3,102","3,041","1.61M","-0.23%"
"Sep 07, 2016","3,091","3,083","3,097","3,063","1.22M","0.68%"
"Sep 06, 2016","3,070","3,086","3,095","3,066","1.07M","-0.32%"
"Sep 05, 2016","3,080","3,099","3,103","3,076","634.87K","-0.06%"
"Sep 02, 2016","3,082","3,026","3,087","3,017","1.33M","2.26%"
"Sep 01, 2016","3,014","3,030","3,055","3,004","1.14M","-0.53%"
"Aug 31, 2016","3,030","3,028","3,050","3,010","1.19M","-0.10%"
"Aug 30, 2016","3,033","3,008","3,042","3,007","866.34K","1.10%"
"Aug 29, 2016","3,000","2,991","3,009","2,973","586.00K","-0.43%"
"Aug 26, 2016","3,013","2,980","3,017","2,972","857.78K","0.84%"
"Aug 25, 2016","2,988","3,004","3,005","2,970","905.29K","-0.63%"
"Aug 24, 2016","3,007","2,981","3,018","2,967","911.20K","0.47%"
"Aug 23, 2016","2,993","2,969","3,002","2,964","735.68K","1.25%"
"Aug 22, 2016","2,956","2,961","2,998","2,948","876.95K","-0.44%"
"Aug 19, 2016","2,969","2,998","2,999","2,948","847.01K","-0.77%"
"Aug 18, 2016","2,992","3,003","3,005","2,976","684.97K","0.34%"
"Aug 17, 2016","2,982","3,012","3,027","2,977","936.48K","-1.32%"
"Aug 16, 2016","3,022","3,034","3,040","3,008","917.54K","-0.85%"
"Aug 15, 2016","3,048","3,049","3,065","3,041","494.53K","0.07%"
"Aug 12, 2016","3,046","3,046","3,049","3,035","657.06K","0.07%"
"Aug 11, 2016","3,044","3,024","3,050","3,013","816.43K","0.86%"
"Aug 10, 2016","3,018","3,024","3,031","3,012","702.21K","-0.33%"
"Aug 09, 2016","3,028","2,976","3,029","2,976","885.93K","1.47%"
"Aug 08, 2016","2,984","2,986","2,999","2,975","644.34K","0.47%"
"Aug 05, 2016","2,970","2,935","2,978","2,930","811.82K","1.54%"
"Aug 04, 2016","2,925","2,927","2,945","2,914","913.53K","0.62%"
"Aug 03, 2016","2,907","2,902","2,921","2,888","962.46K","0.03%"
"Aug 02, 2016","2,906","2,953","2,960","2,895","1.13M","-2.06%"
"Aug 01, 2016","2,967","3,022","3,030","2,948","817.39K","-0.54%"
"Jul 29, 2016","2,983","2,982","2,990","2,964","894.98K","0.44%"
"Jul 28, 2016","2,970","2,991","3,005","2,961","989.19K","-0.77%"
"Jul 27, 2016","2,993","2,984","3,014","2,981","1.02M","0.54%"
"Jul 26, 2016","2,977","2,971","2,983","2,945","908.35K","0.44%"
"Jul 25, 2016","2,964","2,964","2,994","2,956","870.80K","-0.03%"
"Jul 22, 2016","2,965","2,949","2,978","2,939","841.89K","-0.07%"
"Jul 21, 2016","2,967","2,959","2,974","2,936","964.04K","0.13%"
"Jul 20, 2016","2,963","2,931","2,967","2,928","909.35K","1.23%"
"Jul 19, 2016","2,927","2,932","2,943","2,903","1.00M","-0.71%"
"Jul 18, 2016","2,948","2,955","2,978","2,924","875.27K","-0.03%"
"Jul 15, 2016","2,949","2,945","2,964","2,928","1.03M","-0.47%"
"Jul 14, 2016","2,963","2,928","2,973","2,927","1.37M","1.20%"
"Jul 13, 2016","2,928","2,918","2,941","2,911","1.03M","-0.03%"
"Jul 12, 2016","2,929","2,871","2,935","2,869","1.32M","1.77%"
"Jul 11, 2016","2,878","2,854","2,884","2,836","1.13M","1.62%"
"Jul 08, 2016","2,832","2,766","2,848","2,758","1.26M","2.09%"
"Jul 07, 2016","2,774","2,776","2,802","2,753","1.28M","0.73%"
"Jul 06, 2016","2,754","2,782","2,801","2,734","1.84M","-1.89%"
"Jul 05, 2016","2,807","2,856","2,856","2,784","1.38M","-1.75%"
"Jul 04, 2016","2,857","2,872","2,888","2,850","530.63K","-0.52%"
"Jul 01, 2016","2,872","2,877","2,887","2,841","1.32M","0.60%"
"Jun 30, 2016","2,855","2,823","2,899","2,792","1.82M","1.28%"
"Jun 29, 2016","2,819","2,781","2,828","2,775","1.67M","2.77%"
"Jun 28, 2016","2,743","2,734","2,781","2,731","1.79M","2.12%"
"Jun 27, 2016","2,686","2,724","2,783","2,667","2.53M","-2.96%"
"Jun 24, 2016","2,768","2,700","2,827","2,645","4.09M","-8.56%"
"Jun 23, 2016","3,027","2,994","3,058","2,976","1.78M","1.17%"
"Jun 22, 2016","2,992","2,988","2,996","2,958","1.33M","0.84%"
"Jun 21, 2016","2,967","2,938","2,992","2,925","1.41M","1.06%"
"Jun 20, 2016","2,936","2,922","2,945","2,908","1.35M","2.77%"
"Jun 17, 2016","2,857","2,859","2,873","2,839","238.38K","1.24%"
"Jun 16, 2016","2,822","2,795","2,855","2,776","1.92M","-0.39%"
"Jun 15, 2016","2,833","2,811","2,850","2,810","2.81M","1.40%"
"Jun 14, 2016","2,794","2,842","2,844","2,792","3.94M","-2.34%"
"Jun 13, 2016","2,861","2,870","2,889","2,832","2.73M","-1.75%"
"Jun 10, 2016","2,912","2,984","2,988","2,892","2.06M","-2.54%"
"Jun 09, 2016","2,988","3,011","3,016","2,977","1.53M","-0.86%"
"Jun 08, 2016","3,014","3,026","3,034","3,005","1.15M","-0.82%"
"Jun 07, 2016","3,039","3,007","3,051","3,006","1.24M","1.27%"
"Jun 06, 2016","3,001","2,998","3,010","2,983","988.32K","0.40%"
"Jun 03, 2016","2,989","3,041","3,048","2,973","1.42M","-1.39%"
"Jun 02, 2016","3,031","3,021","3,046","3,016","1.08M","0.17%"
"Jun 01, 2016","3,026","3,051","3,057","3,016","1.45M","-0.88%"
"May 31, 2016","3,053","3,088","3,089","3,041","1.18M","-0.91%"
"May 30, 2016","3,081","3,076","3,086","3,062","318.85K","0.52%"
"May 27, 2016","3,065","3,060","3,073","3,049","843.07K","0.13%"
"May 26, 2016","3,061","3,037","3,064","3,036","1.16M","0.39%"
"May 25, 2016","3,049","3,016","3,057","3,012","1.49M","1.67%"
"May 24, 2016","2,999","2,908","3,011","2,901","1.66M","2.56%"
"May 23, 2016","2,924","2,939","2,950","2,905","1.23M","-0.37%"
"May 20, 2016","2,935","2,927","2,940","2,914","1.27M","1.35%"
"May 19, 2016","2,896","2,912","2,925","2,890","1.63M","-1.19%"
"May 18, 2016","2,931","2,896","2,939","2,887","1.36M","0.86%"
"May 17, 2016","2,906","2,936","2,966","2,891","1.52M","-0.51%"
"May 16, 2016","2,921","2,912","2,935","2,889","437.21K","-0.14%"
"May 13, 2016","2,925","2,892","2,939","2,873","1.38M","0.79%"
"May 12, 2016","2,902","2,921","2,957","2,892","1.49M","-0.75%"
"May 11, 2016","2,924","2,945","2,950","2,907","1.20M","-0.58%"
"May 10, 2016","2,941","2,935","2,972","2,930","1.25M","0.86%"
"May 09, 2016","2,916","2,924","2,949","2,900","1.15M","0.55%"
"May 06, 2016","2,900","2,886","2,917","2,855","1.38M","0.35%"
"May 05, 2016","2,890","2,907","2,920","2,886","1.03M","0.17%"
"May 04, 2016","2,885","2,928","2,935","2,882","1.50M","-1.54%"
"May 03, 2016","2,930","2,985","2,989","2,922","1.57M","-1.64%"
"May 02, 2016","2,979","2,976","2,997","2,970","779.71K","0.07%"
"Apr 29, 2016","2,977","3,027","3,041","2,967","1.86M","-2.74%"
"Apr 28, 2016","3,061","3,050","3,069","3,007","1.41M","-0.13%"
"Apr 27, 2016","3,065","3,052","3,082","3,046","986.79K","0.23%"
"Apr 26, 2016","3,058","3,062","3,085","3,043","994.52K","0.26%"
"Apr 25, 2016","3,050","3,069","3,079","3,035","1.01M","-0.62%"
"Apr 22, 2016","3,069","3,076","3,087","3,059","1.05M","-0.65%"
"Apr 21, 2016","3,089","3,085","3,094","3,055","1.36M","0.32%"
"Apr 20, 2016","3,079","3,031","3,088","3,023","1.30M","1.22%"
"Apr 19, 2016","3,042","3,009","3,050","3,004","1.37M","1.43%"
"Apr 18, 2016","2,999","2,949","3,003","2,935","1.03M","0.57%"
"Apr 15, 2016","2,982","2,981","2,992","2,972","976.60K","-0.20%"
"Apr 14, 2016","2,988","2,968","2,994","2,957","1.34M","1.01%"
"Apr 13, 2016","2,958","2,897","2,971","2,897","1.73M","3.03%"
"Apr 12, 2016","2,871","2,849","2,880","2,828","1.32M","0.53%"
"Apr 11, 2016","2,856","2,838","2,876","2,811","1.17M","0.63%"
"Apr 08, 2016","2,838","2,805","2,851","2,800","1.21M","1.57%"
"Apr 07, 2016","2,794","2,841","2,854","2,775","1.33M","-1.41%"
"Apr 06, 2016","2,834","2,820","2,846","2,806","1.24M","0.46%"
"Apr 05, 2016","2,821","2,861","2,861","2,804","1.47M","-2.08%"
"Apr 04, 2016","2,881","2,888","2,919","2,854","1.15M","0.10%"
"Apr 01, 2016","2,878","2,904","2,905","2,840","1.83M","-1.81%"
"Mar 31, 2016","2,931","2,958","2,958","2,921","1.26M","-1.25%"
"Mar 30, 2016","2,968","2,947","2,988","2,939","1.12M","1.40%"
"Mar 29, 2016","2,927","2,929","2,948","2,906","912.66K","0.38%"
"Mar 24, 2016","2,916","2,949","2,953","2,906","1.10M","-1.72%"
"Mar 23, 2016","2,967","2,970","3,000","2,947","1.09M","-0.07%"
"Mar 22, 2016","2,969","2,974","2,980","2,917","1.36M","0.00%"
"Mar 21, 2016","2,969","2,970","3,012","2,952","1.01M","-2.98%"
"Mar 18, 2016","3,060","3,039","3,065","3,022","188.82K","0.79%"
"Mar 17, 2016","3,036","3,082","3,093","2,988","2.11M","-0.85%"
"Mar 16, 2016","3,062","3,073","3,088","3,044","2.50M","-0.16%"
"Mar 15, 2016","3,067","3,079","3,083","3,052","2.72M","-0.74%"
"Mar 14, 2016","3,090","3,085","3,117","3,078","2.31M","0.59%"
"Mar 11, 2016","3,072","3,016","3,088","3,016","2.46M","3.12%"
"Mar 10, 2016","2,979","3,019","3,130","2,935","3.34M","-1.29%"
"Mar 09, 2016","3,018","3,009","3,048","3,000","1.60M","0.53%"
"Mar 08, 2016","3,002","3,001","3,026","2,966","1.75M","-0.53%"